{"cameraMode":{"drawMode":0,"name":"Shaded","section":"Shading Mode"},"sceneLighting":false,"audioPlay":false,"sceneViewState":{"m_AlwaysRefresh":false,"showFog":true,"showSkybox":false,"showFlares":true,"showImageEffects":true,"showParticleSystems":true,"showVisualEffectGraphs":true,"m_FxEnabled":true},"in2DMode":false,"pivot":{"x":5.453239440917969,"y":-0.23020708560943604,"z":0.42798519134521487},"rotation":{"x":0.09457945823669434,"y":-0.042981356382369998,"z":0.004087774083018303,"w":0.9945798516273499},"size":4.500017166137695,"orthographic":false}