{"cameraMode":{"drawMode":0,"name":"Shaded","section":"Shading Mode"},"sceneLighting":true,"audioPlay":false,"sceneViewState":{"m_AlwaysRefresh":false,"showFog":true,"showSkybox":true,"showFlares":true,"showImageEffects":true,"showParticleSystems":true,"showVisualEffectGraphs":true,"m_FxEnabled":true},"in2DMode":false,"pivot":{"x":33.51346969604492,"y":-1.9888114929199219,"z":2.1163816452026369},"rotation":{"x":0.22754926979541779,"y":-0.044958554208278659,"z":0.010517718270421029,"w":0.9726711511611939},"size":17.6877498626709,"orthographic":false}